use moviedb;

INSERT INTO `moviedb`.`movie`
(`Id`,`Duration`,`Release_day`,`Release_month`,`Release_year`,`Rating`,`Title`,`Poster`,`Genre`,`Synopsys`,`Box_office`)
VALUES
(1,104,16,2,2017,7.5,'The LEGO Batman Movie','images/posters/lego_batman_movie.jpg','Animation','A cooler-than-ever Bruce Wayne must deal with the usual suspects as they plan to rule Gotham City, while discovering that he has accidentally adopted a teenage orphan who wishes to become his sidekick.',310850384),
(2,141,1,6,2017,8.1,'Wonder Woman','images/posters/wonder_woman.jpg','Super Heroes','Before she was Wonder Woman she was Diana, princess of the Amazons, trained warrior. When a pilot crashes and tells of conflict in the outside world, she leaves home to fight a war to end all wars, discovering her full powers and true destiny.',453660634),
(3,110,8,6,2017,5.9,'The Mummy','images/posters/the_mummy.jpg','Adventure','An ancient princess is awakened from her crypt beneath the desert, bringing with her malevolence grown over millennia, and terrors that defy human comprehension.',178908331),
(4,122,23,2,2017,7.8,'John Wick: Chapter 2','images/posters/jonh_wick_2.jpg','Action','After returning to the criminal underworld to repay a debt, John Wick discovers that a large bounty has been put on his life.',166835326	),
(5,104,4,5,2017,7.8,'Get Out','images/posters/get_out.jpg','Mistery','It\'s time for a young African American to meet with his white girlfriend\'s parents for a weekend in their secluded estate in the woods, but before long, the friendly and polite ambience will give way to a nightmare.',250167609),
(6,115,27,10,2016,7.6,'Doctor Strange','images/posters/doctor_strange.jpg','Super Heroes','While on a journey of physical and spiritual healing, a brilliant neurosurgeon is drawn into the world of the mystic arts.',677718395),
(7,107,24,11,2016,7.7,'Moana','images/posters/moana.jpg','Animation','In Ancient Polynesia, when a terrible curse incurred by the Demigod Maui reaches an impetuous Chieftain\'s daughter\'s island, she answers the Ocean\'s call to seek out the Demigod to set things right.',642666887),
(8,133,17,11,2016,7.4,'Fantastic Beasts and Where to Find Them','images/posters/fantastic_beasts.jpg','Adventure','The adventures of writer Newt Scamander in New York\'s secret community of witches and wizards seventy years before Harry Potter reads his book in school.',814037575),
(9,116,10,11,2016,8.0,'Arrival','images/posters/arrival.jpg','Sci-Fi','When twelve mysterious spacecraft appear around the world, linguistics professor Louise Banks is tasked with interpreting the language of the apparent alien visitors.',202107388),
(10,127,2,2,2017,7.8,'Hidden Figures','images/posters/hidden_figures.jpg','Historical','The story of a team of female African-American mathematicians who served a vital role in NASA during the early years of the U.S. space program.',230106697),
(11,144,14,7,2017,0,'War for the Planet of the Apes','images/posters/planet_of_the_apes.jpg','Sci-Fi','After the apes suffer unimaginable losses, Caesar wrestles with his darker instincts and begins his own mythic quest to avenge his kind.',0),
(12,107,20,7,2017,0,'Dunkirk','images/posters/dunkirk.jpg','Historical','Allied soldiers from Belgium, the British Empire, Canada, and France are surrounded by the German army and evacuated during a fierce battle in World War II.',0),
(13,137,27,7,2017,0,'Valerian and the City of a Thousand Planets','images/posters/valerian.jpg','Sci-Fi','A dark force threatens Alpha, a vast metropolis and home to species from a thousand planets. Special operatives Valerian and Laureline must race to identify the marauding menace and safeguard not just Alpha, but the future of the universe.',0),
(14,120,24,8,2017,0,'The Dark Tower','images/posters/dark_tower.jpg','Adventure','The Gunslinger, Roland Deschain, roams an Old West-like landscape where "the world has moved on" in pursuit of the man in black. Also searching for the fabled Dark Tower, in the hopes that reaching it will preserve his dying world.',0),
(15,100,10,10,2017,0,'The Emoji Movie','images/posters/emoji.jpg','Animation','Gene, a multi-expressional emoji, sets out on a journey to become a normal emoji.',0),
(16,75,18,8,2017,0,'The Hitman\'s Bodyguard','images/posters/hitman.jpg','Action','The world\'s top bodyguard gets a new client, a hit man who must testify at the International Court of Justice. They must put their differences aside and work together to make it to the trial on time.',0),
(17,125,24,2,2015,8.0,'Mar adentro','images/posters/mar.jpg','Drama','The factual story of Spaniard Ramon Sampedro, who fought a thirty-year campaign in favor of euthanasia and his own right to die.',230106697),
(18,94,1,1,1996,8.2,'Trainspotting','images/posters/train.jpg','Drama','Renton, deeply immersed in the Edinburgh drug scene, tries to clean up and get out, despite the allure of the drugs and influence of friends.',230106697),
(19,116,25,1,2002,7.6,'The Man Who Wasn\'t There','images/posters/barber.jpg','Crime','A laconic, chain-smoking barber blackmails his wife\'s boss and lover for money to invest in dry cleaning, but his plan goes terribly wrong.',230106697),
(20,154,25,11,1994,8.9,'Pulp Fiction','images/posters/pulp.jpg','Drama','The lives of two mob hit men, a boxer, a gangster\'s wife, and a pair of diner bandits intertwine in four tales of violence and redemption.',230106697),
(21,122,28,2,2008,8.1,'No Country for Old Men','images/posters/old.jpg','Crime','Violence and mayhem ensue after a hunter stumbles upon a drug deal gone wrong and more than two million dollars in cash near the Rio Grande.',230106697),
(22,113,29,6,2001,8.5,'Memento','images/posters/memento.jpg','Mistery','A man juggles searching for his wife\'s murderer and keeping his short-term memory loss from being an obstacle.',230106697),
(23,137,23,3,2006,8.5,'Das Leben der Anderen','images/posters/das.jpg','Drama','In 1984 East Berlin, an agent of the secret police, conducting surveillance on a writer and his lover, finds himself becoming increasingly absorbed by their lives.',230106697),
(24,148,31,1,2008,8.1,'Into the Wild','images/posters/wild.jpg','Adventure','After graduating from Emory University, top student and athlete Christopherbabandons his possessions, gives his entire $24,000 savings account to charity and hitchhikes to Alaska to live in the wilderness. Along the way, Christopher encounters a series of characters that shape his life.',230106697),
(25,128,26,8,2010,7.1,'No Smoking','images/posters/smoking.jpg','Mistery','A surreal story about a man, his addiction of smoking, and a mysterious and powerful organisation, which claims to cure such addictions, though through very unusual ways.',230106697),
(26,136,25,6,1999,8.7,'Matrix','images/posters/matrix.jpg','Sci-Fi','A computer hacker learns from mysterious rebels about the true nature of his reality and his role in the war against its controllers.',230106697),
(27,84,10,7,1998,7.5,'Pi','images/posters/pi.jpg','Horror','A paranoid mathematician searches for a key number that will unlock the universal patterns found in nature.',230106697),
(28,139,12,11,1999,8.8,'Fight Club','images/posters/club.jpg','Drama','An insomniac office worker, looking for a way to change his life, crosses paths with a devil-may-care soap maker, forming an underground fight club that evolves into something much, much more.',230106697),
(29,125,28,2,2003,8.6,'Spirited Away','images/posters/spirited.jpg','Animation','During her family\'s move to the suburbs, a sullen 10-year-old girl wanders into a world ruled by gods, witches, and spirits, and where humans are changed into beasts.',230106697),
(30,123,15,2,2007,7.7,'The Last King of Scotland','images/posters/king.jpg','Historical','Based on the events of the brutal Ugandan dictator Idi Amin\'s regime as seen by his personal physician during the 1970\'s.',230106697);




INSERT INTO `moviedb`.`staff`
(`Id`,`Name`,`Bio`,`Picture`)
VALUES
(1,'Will Arnett','Will Arnett is a Canadian-American actor, voice actor, and comedian.','images/staff/will_arnett.jpg'),
(2,'Gal Gadot','Gal Gadot is an Israeli actress, martial artist, and model. She was born in Rosh Ha\'ayin, Israel, to a Jewish family (from Poland, Austria, Germany, and Czechoslovakia).','images/staff/gal_gadot.jpg'),
(3,'Tom Cruise','Tom is the only son (among four children) of nomadic parents, Mary Lee (Pfeiffer), a special education teacher, and Thomas Cruise Mapother III, an electrical engineer.','images/staff/tom_cruise.jpg'),
(4,'Keanu Reeves','Keanu Charles Reeves, whose first name means "cool breeze over the mountains" in Hawaiian, was born September 2, 1964 in Beirut, Lebanon. He is the son of Patricia Taylor, a showgirl and costume designer, and Samuel Nowlin Reeves, a geologist.','images/staff/keanu_reeves.jpg'),
(5,'Daniel Kaluuya','Daniel Kaluuya was born in 1989 in London, England.','images/staff/daniel_kaluya.jpg'),
(6,'Benedict Cumberbatch','Benedict Timothy Carlton Cumberbatch was born and raised in London, England. His parents, Wanda Ventham and Timothy Carlton (Timothy Carlton Congdon Cumberbatch), are both actors.','images/staff/benedict_cumberbatch.jpg'),
(7,'Auli\'i Cravalho','Auli\'i Cravalho was born on November 22, 2000 in Kohala, Hawaii, USA.','images/staff/auli_cravalho.jpg'),
(8,'Eddie Redmayne','British actor Eddie Redmayne is the first, and thus far only, millennial male to have won an acting Oscar.Edward John David Redmayne was born and raised in London, England, the son of Patricia (Burke) and Richard Redmayne, a businessman.','images/staff/eddie_redmayne.jpg'),
(9,'Amy Adams','Amy Lou Adams was born in Vicenza, Veneto, Italy, to American parents, Kathryn (Hicken) and Richard Kent Adams, a U.S. serviceman who was stationed at Caserma Ederle in Italy at the time.','images/staff/amy_adams.jpg'),
(10,'Taraji Henson','Taraji P. Henson was born on September 11, 1970 in Washington, District of Columbia, USA as Taraji Penda Henson.','images/staff/taraji_henson.jpg');

INSERT INTO `moviedb`.`user`
(`Id`,`Username`,`Password`,`Avatar`,`Email`)
VALUES
(1,'user1','pass1','images/avatars/default.jpg','mail@mail.com'),
(2,'user2','pass2','images/avatars/user2_avatar.png','mail2@mail.com');

INSERT INTO `moviedb`.`review`
(`Id`,`MovieId`,`UserId`,`Review`,`Sound_grade`,`Story_grade`,`Direction_grade`,`Enjoyment_grade`,`Overall_grade`)
VALUES
(1,1,1,'A light hearted aproach on Batman.',7,7,6,8,7),
(2,3,1,'How not to make a reboot.',5,5,6,4,5),
(3,9,2,'Made me ponder how we comunicate',8,8,7,8,8);

INSERT INTO `moviedb`.`movie_staff`
(`MovieId`,`StaffId`,`role`)
VALUES
(1,1,'Voice Actor'),
(2,2,'Actress'),
(3,3,'Actor'),
(4,4,'Actor'),
(5,5,'Actor'),
(6,6,'Actor'),
(7,7,'Voice Actress'),
(8,8,'Actress'),
(9,9,'Actress'),
(10,10,'Actress');

INSERT INTO `moviedb`.`ratings`
(`UserId`,`MovieId`,`rating`)
VALUES
(1,1,8),
(1,2,7),
(1,3,6),
(1,4,5),
(2,7,7);

INSERT INTO `moviedb`.`lists`
(`UserId`,`MovieId`,`list_name`)
VALUES
(1,1,'watched'),
(1,2,'watched'),
(1,3,'watched'),
(1,4,'watched'),
(1,5,'plan to watch'),
(2,6,'plan to watch'),
(2,8,'plan to watch'),
(2,9,'plan to watch'),
(2,7,'watched');


